{"cameraMode":{"drawMode":0,"name":"Shaded","section":"Shading Mode"},"sceneLighting":true,"audioPlay":false,"sceneViewState":{"showFog":true,"showMaterialUpdate":false,"showSkybox":true,"showFlares":true,"showImageEffects":true,"showParticleSystems":true,"showVisualEffectGraphs":true,"m_FxEnabled":true},"in2DMode":false,"pivot":{"x":0.5399990081787109,"y":12.886260986328125,"z":-9.389995574951172},"rotation":{"x":0.2742619812488556,"y":0.061990901827812198,"z":-0.01767469011247158,"w":0.9595551490783691},"size":14.46725845336914,"orthographic":false}