{"cameraMode":{"drawMode":0,"name":"Shaded","section":"Shading Mode"},"sceneLighting":true,"audioPlay":false,"sceneViewState":{"showFog":true,"showMaterialUpdate":false,"showSkybox":true,"showFlares":true,"showImageEffects":true,"showParticleSystems":true,"showVisualEffectGraphs":true,"m_FxEnabled":true},"in2DMode":false,"pivot":{"x":5.116376876831055,"y":12.731952667236329,"z":-18.260154724121095},"rotation":{"x":0.06538857519626618,"y":0.9001330137252808,"z":-0.1451747864484787,"w":0.40554094314575198},"size":18.326705932617189,"orthographic":false}