{"cameraMode":{"drawMode":0,"name":"Shaded","section":"Shading Mode"},"sceneLighting":true,"audioPlay":false,"sceneViewState":{"showFog":true,"showMaterialUpdate":false,"showSkybox":true,"showFlares":true,"showImageEffects":true,"showParticleSystems":true,"showVisualEffectGraphs":true,"m_FxEnabled":true},"in2DMode":false,"pivot":{"x":0.47795480489730837,"y":13.345239639282227,"z":0.7295570373535156},"rotation":{"x":-0.11079012602567673,"y":0.20215806365013123,"z":-0.02316131442785263,"w":-0.973109245300293},"size":0.8249143958091736,"orthographic":false}