{"cameraMode":{"drawMode":0,"name":"Shaded","section":"Shading Mode"},"sceneLighting":true,"audioPlay":false,"sceneViewState":{"showFog":true,"showMaterialUpdate":false,"showSkybox":true,"showFlares":true,"showImageEffects":true,"showParticleSystems":true,"showVisualEffectGraphs":true,"m_FxEnabled":true},"in2DMode":false,"pivot":{"x":-3.1587817668914797,"y":14.738786697387696,"z":-0.5476056337356567},"rotation":{"x":-0.13142934441566468,"y":-0.2776748239994049,"z":0.03865295276045799,"w":-0.9511082768440247},"size":17.683639526367189,"orthographic":false}