{"cameraMode":{"drawMode":0,"name":"Shaded","section":"Shading Mode"},"sceneLighting":true,"audioPlay":false,"sceneViewState":{"showFog":true,"showMaterialUpdate":false,"showSkybox":true,"showFlares":true,"showImageEffects":true,"showParticleSystems":true,"showVisualEffectGraphs":true,"m_FxEnabled":true},"in2DMode":false,"pivot":{"x":2.098341226577759,"y":14.709220886230469,"z":8.083208084106446},"rotation":{"x":0.09178732335567475,"y":0.1013893187046051,"z":-0.009395004250109196,"w":0.9905625581741333},"size":19.062917709350587,"orthographic":false}